{"RuleTriggered": 0, "Violations": 8, "Details": {"low_gpu_utilization": 279, "bottlenecks": {"1679567870.00097": {"GPUs": 1, "CPUs": 2}, "1679567965.500296": {"GPUs": 1, "CPUs": 1}, "1679567966.000301": {"GPUs": 1, "CPUs": 1}, "1679567969.500305": {"GPUs": 1, "CPUs": 1}, "1679567971.000302": {"GPUs": 1, "CPUs": 1}, "1679567972.000304": {"GPUs": 1, "CPUs": 1}, "1679567973.000335": {"GPUs": 1, "CPUs": 1}, "1679567994.000324": {"GPUs": 1, "CPUs": 1}}}, "Datapoints": 402, "RuleParameters": "threshold:50\nio_threshold:50\ngpu_threshold:10\npatience:1000"}