{"RuleTriggered": 0, "Violations": 0, "Details": {"Network": {"algo-1": {"max": 123387039.11, "p99": 13256.3, "p95": 0, "p50": 0, "min": 0}}, "GPU": {"algo-1": {"max": 46.0, "p99": 46.0, "p95": 46.0, "p50": 0, "min": 0}}, "CPU": {"algo-1": {"max": 100.0, "p99": 99.02, "p95": 97.13, "p50": 66.93, "min": 0.49}}, "CPU memory": {"algo-1": {"max": 24.68, "p99": 22.95, "p95": 22.42, "p50": 11.77, "min": 3.94}}, "GPU memory": {"algo-1": {"max": 45.0, "p99": 43.0, "p95": 42.0, "p50": 0, "min": 0}}, "I/O": {"algo-1": {"max": 48.0, "p99": 27.92, "p95": 18.4, "p50": 1.96, "min": 0}}}, "Datapoints": 397, "RuleParameters": ""}